Donor,CAR,EffectorTargetRatio,MFI_FSC-A,MFI_SSC-A,MFI_CD5,MFI_CD39,MFI_CD27,MFI_CTLA-4(CD152),MFI_CD4,MFI_CCR5,MFI_CD49d,MFI_CD134,MFI_CD25,MFI_CD197,MFI_CD183,MFI_CD44,MFI_CD69,MFI_CCR4,MFI_CD11a,MFI_CD3,MFI_CD45RO,MFI_PD-1,MFI_CD28,MFI_CD278,MFI_TIM-3,MFI_CD7,MFI_CD137,MFI_CD45RA,MFI_CD45,MFI_CD95,MFI_LAG3,MFI_CD161,MFI_HLA-DR,MFI_CD2,MFI_CD8
A,19_28z,0.2,377.50149345967657,204.00762179421156,614.7007930785869,373.8392213410238,300.00988773303123,366.67535276547534,496.66567102688225,514.4973735709136,540.5364095169431,262.4067360181275,588.155010814708,336.4961376042847,381.0960964053971,650.3860335770934,277.05592748995775,290.74672983829436,666.5607168606448,579.7619734267175,584.1761252446184,354.12833453496756,477.1839530332681,578.1368833041508,482.614584406221,464.9496343598723,277.43423627562055,413.69172932330827,452.93851066021216,662.1968276856525,612.7124317643423,247.48624987125348,629.7433309300649,549.6545473272222,470.0235863631682
A,19_28z,0.5,398.1502629601803,247.01744719926538,601.6187494782536,362.8215209950747,288.9138492361633,385.85624843476086,515.2012688872193,521.2553635528842,529.8115869438184,220.6614909424827,632.330411553552,311.0242090324735,402.20677852909256,669.8459804658152,266.25561399115117,269.49169379747894,680.6536438767844,573.5627347858753,607.2587862091995,391.0219550880708,462.1318140078471,613.9070874029552,474.0690374822606,475.3160530929126,281.57567409633526,406.2394189832206,419.5426162450956,695.4231571917522,685.7519826362801,275.74263294098006,627.3011102763169,521.6600717923031,491.9500793054512
A,19_28z,1,388.7758123899472,213.2145029614215,590.3103089482952,336.7201856891308,294.28893869057146,358.8889066752041,521.4908756202977,460.6483912277893,513.3303985913238,210.10749159596605,634.9415719545382,303.0248119097167,393.48303185529056,650.5246518328797,260.9504562189851,276.36153353609734,673.742196254202,564.1544741475908,607.2608452056987,387.9537377941412,424.5657915799584,599.6403073475268,474.63942692492395,495.70585881222985,286.70329758283975,352.53961901712825,487.80814791099726,674.5018408836241,677.8384824715864,241.8596926524732,611.0926844885545,520.8672963022251,469.4819113174324
A,19_28z,2,346.8739624391375,196.69865522837932,572.1494087642012,323.51530257361463,301.1783213540459,331.90767447252495,514.6299559471365,396.45859030837005,506.7819383259912,208.63456990493856,572.2260143751449,298.2781822397403,353.32972408996056,596.0342221191746,259.66976582425224,290.3080222582889,633.8288198469743,555.247924878275,605.4310224901461,364.79260375608624,412.2966380709483,574.1521678645954,426.36118710874103,467.8773475539068,291.1625086946441,358.52541154648736,458.36172038024574,629.8688383955483,639.5683746811964,220.263667980524,603.6275910039416,472.9842105263158,437.3596800370971
A,19_BBz,0.2,386.86185622317595,245.52548283261802,572.9133583690987,423.7618025751073,303.531652360515,478.98792918454933,544.368830472103,635.2778969957081,521.8916309012875,228.56142703862662,521.0761802575107,365.18723175965664,426.90853004291847,616.7982832618026,329.6885729613734,272.86078326180257,627.5305793991416,580.1939377682403,584.0045600858369,373.8331545064378,486.8766094420601,574.7414163090128,401.5788626609442,418.3192060085837,305.3656115879828,436.3141094420601,468.54747854077254,616.5874463519314,725.0230686695279,222.48900214592274,698.113465665236,501.1030042918455,471.5539163090129
A,19_BBz,0.5,417.28919093851135,265.0066019417476,603.7115857605178,395.1350161812298,280.76142394822006,461.9061488673139,552.0620064724919,606.9865372168284,506.8238187702265,206.16375404530746,609.3603883495146,355.8177346278317,441.94174757281553,675.0371521035598,316.7514563106796,231.4884142394822,681.5187055016181,572.0577346278317,642.7201294498382,367.94666666666666,521.41786407767,618.5975404530744,424.3926213592233,448.28012944983817,292.88763754045306,406.5531391585761,436.6832362459547,703.3612944983819,738.5240129449838,229.47184466019417,687.6761165048543,437.9194822006472,531.1825242718446
A,19_BBz,1,401.9632941577244,215.10177141883835,576.3687617101004,376.998126383921,290.14954862885367,381.34900357690344,488.9374893544541,488.79100664282066,453.103134048714,244.97939022313065,579.3007153806848,316.96107988417646,386.4332311360927,625.8943961846363,274.01345597002216,249.2076307273037,658.1911088400614,550.0616590018736,620.2076307273037,318.42880258899675,469.78368250723895,567.9831374552887,458.2037983307784,476.248339294839,280.2523420200988,342.0383239652529,463.8877533639925,682.7165729858627,696.7902401635156,206.7799352750809,633.590103900528,461.85402827456994,529.4388519843297
A,19_BBz,2,357.65853501129396,201.61426266537592,586.9248144562762,354.2038076798967,288.70403355921263,355.38812520167795,487.7403678606002,436.49783801226204,439.77992900935783,257.92397547596,571.3250726040658,325.5923201032591,388.6780897063569,610.3484349790255,261.40032268473703,267.65814778960953,654.4818973862536,556.1378509196516,643.4232978380122,319.810906744111,487.9195224265892,558.7492739593417,500.8584704743466,508.69932236205227,261.20884156179415,290.935204904808,472.1648273636657,696.4945466279445,665.8879638593095,193.37360438851243,620.6437560503388,436.39290093578575,503.38315585672797
A,22_28z,0.2,401.454883145024,226.7695403188361,611.0780065005417,386.59851416189446,292.532734870763,385.3564463705309,514.0981272248878,562.0139297322396,539.7987927565392,219.39250889955116,645.9625444977557,343.7008203064541,426.0074291905278,696.5358303668163,264.0360625290203,311.78687509673426,693.193313728525,566.0468967652066,625.6330289428881,412.2508899551153,532.1677758860858,610.1077232626528,510.77960068100913,442.8079244698963,280.65129236960223,426.25475932518185,499.2112676056338,688.4364649435072,708.2041479647113,256.8170561832534,587.3405045658567,589.8582262807615,505.3629469122427
A,22_28z,0.5,400.3438914027149,219.02810914575622,605.9173179761415,367.069107363225,285.96434937611406,371.379679144385,490.74400109694227,504.7891128479364,519.9070341423283,198.32661456190868,640.1441107911696,308.62539421362953,415.9823118058412,686.6791443850267,243.9935554641437,282.7279583161936,695.8288770053476,558.9677773207185,632.053613053613,374.46441793500617,521.076100370218,608.284930755519,463.28822158233925,452.0889894419306,273.82311805841215,400.5944055944056,480.6493898258604,705.0231729055258,692.1975867269985,257.88536953242834,558.3023447141094,563.0382558617853,521.6385575209105
A,22_28z,1,385.24849963216786,185.86134665272778,615.6256630657839,358.37302048244084,319.96097107678014,329.68134123204396,455.40988113214854,411.6505207728346,513.4110039880745,250.76934990513803,587.76602005653,300.7782940333759,388.74003949355324,644.0397258682774,250.75591435319626,323.7292755643319,681.8047005072211,577.945405970496,630.8826809153212,358.0667131296705,513.8814419018856,580.9182251132536,434.02737445309174,471.21369109846285,258.6478491501142,297.5865567042243,496.0918031517404,693.688581716808,596.5212761838386,214.19382816432415,586.7390715143067,535.3124637007783,498.6708870561815
A,22_28z,2,312.4753770542592,154.24159637239302,618.3078114658292,321.62422723240064,401.9313909112673,308.446128064666,451.03182605511824,367.89038318007067,528.9552182056301,275.9398966357325,508.16112996577993,323.1696356902452,403.4518454887271,596.4699131120531,250.17714156961597,348.30062947993974,650.8423483685626,605.2649871146724,621.1397529960147,345.5466336201434,559.1386264099929,580.7166917801468,389.8706679246877,472.9124783484249,254.39523454112742,300.4467476869781,483.16834011632,686.8580783258932,476.88865105406205,223.19718071848024,572.35443804481,464.5284674205405,487.69287856810917
A,22_BBz,0.2,390.57682369310277,215.9781355595309,607.0526734247665,388.2377260981912,299.85489962234146,397.8521168753727,509.63764659113497,571.4847942754919,538.4726694494136,232.8056052474657,632.4176108129597,343.472470681773,430.62711190618165,692.3299542834427,274.1017690320016,295.74796263168355,693.3500298151461,565.9439475253429,624.0105346849533,402.83104750546613,526.2633671238323,606.3325382627709,503.0826873385013,453.6881335718545,276.3430729477241,431.1115086463924,511.8221029616378,685.387994434506,705.8477439872788,253.3563903796462,584.2852315643013,571.0808984297356,508.98966408268734
A,22_BBz,0.5,411.4899393165123,230.50431172149473,600.5129351644841,362.15075055892686,288.4009900990099,369.116256786969,488.7274033854998,506.98450974129673,517.6296710316193,204.21143404663047,638.9175982114341,310.82337911210476,420.17662088789524,687.8259342063238,249.43947620568508,286.063078888534,698.5808048546791,552.6670392845737,633.5477483232194,390.4319706164165,515.2087192590227,606.291440434366,472.0740977323539,447.5121366975407,275.7353880549345,395.96071542638134,490.728361545832,701.5534972852124,701.4642286809326,249.1426061961035,559.4450654742893,575.9762056850847,521.023474928138
A,22_BBz,1,382.9984624721829,186.32903095286264,617.7264009710702,359.00740441027716,330.7505968035606,335.5129678332996,455.74893789196847,419.5773012340684,505.17204127048353,241.39518511025693,587.0993323892374,303.23698159012747,395.129071414121,643.1594173578799,251.6489581225976,315.00784948411894,685.0529637871738,574.5064131094477,631.8756625531054,363.19437588509004,515.609144244386,582.5156787376087,434.61772203115515,476.48767954683393,260.2716164272709,306.44462876795467,496.41582035201293,689.9002225369209,602.4117337649201,216.71462674489177,584.258385595792,536.2833097309326,510.7730123406838
A,22_BBz,2,313.53089570843474,151.51997388259036,608.8944975366534,315.277687422093,405.3832611147385,304.31211491660235,437.0160265922716,360.3244257137769,515.4689618329672,281.67468391998574,495.3351219801745,321.4682614115273,397.9026889060367,577.1916424289191,251.85318454324212,335.4816643912863,635.4588354009616,592.436421914881,608.0981658455512,341.9802338695317,543.6694485665104,560.3534160384638,390.29531667359174,465.6868641301122,255.1814328960646,293.92203953226095,476.4577907045765,665.4746957915356,464.32644387724815,218.98304742684158,566.1174927286758,466.79328070279576,490.9370095565976
A,33_28z,0.2,419.35498285994123,258.50618266405485,605.7684255631733,425.2954823702253,299.53085210577865,395.0847820763957,542.8493511263467,569.131917238002,519.0265670910871,239.27754652301664,627.4214618021548,331.32345739471106,407.85767629774733,662.3105411361411,299.3459231145935,291.0576028403526,675.7894833496572,568.0840475024486,603.9526199804113,428.2727105778648,493.29321743388834,612.4594760039178,502.5689887365328,489.59096474045054,280.09653525954946,407.1931317335945,474.5978207639569,662.4985308521058,713.3885284035259,251.43701028403527,599.6475269343781,565.4033423114594,443.0173849167483
A,33_28z,0.5,408.41496824222634,233.53776496696682,597.7310920082647,389.39244445578146,284.4959824503227,347.74037701196335,543.3670382368696,470.12863811443003,494.5299849501314,231.23021197357346,644.2301609570696,294.1475907456062,403.85207764711885,650.0227023442084,258.31719511261895,252.456903808382,687.5578909777313,566.6338545519476,632.5377394587149,386.33596918603166,505.20302017702727,620.4237940973906,519.025023595133,523.0490523684412,266.0553273984134,375.499375047828,444.8828916154376,689.6347983572686,697.7798127694309,280.0755809504375,506.35293217355814,501.95796240083666,438.878631737367
A,33_28z,1,376.8634312037597,182.53073379554232,602.4317621329859,365.22195337583173,309.1248429575171,327.621609045647,526.8949094969987,403.90319203387463,495.27848866967565,237.42941231213067,603.5233353496812,297.345888976781,379.0118886975943,618.4101251686752,255.03820203806245,291.72053417709736,671.7287236517612,578.5260806849379,625.4865757759062,371.2471499697548,498.49399748732026,593.4522823507515,473.8191801219115,522.77143920711,271.12512214415335,295.80184728490997,462.52670885486947,672.0080033502396,618.743125029082,237.1657205341771,527.388930249872,486.43118049416034,418.1727467311898
A,33_28z,2,338.0640951356124,171.3862538973043,601.5977706039787,344.363711613277,336.5713103219932,317.40134646690393,529.4537152001766,384.59236266313496,494.41205198245177,245.8503159230748,566.5949010843473,308.9071820765389,377.0932317964848,591.3158403001959,256.93209723256905,314.47071158568554,661.7329415335375,585.8860745523274,634.0458847225672,378.54796788345334,523.0909416990867,583.8714510388213,476.6752752255608,521.4150870512926,270.7515658196065,309.4679248406589,459.9078994564468,670.3025687719008,590.9997792677207,238.24677868829843,515.0683994150595,446.68037965952044,412.974367464062
A,33_BBz,0.2,415.4745775058275,257.26697261072263,598.0806381118881,394.0114364801865,293.34768356643355,393.961756993007,525.050407925408,531.9335664335664,471.57488344988343,218.24562937062936,573.861960955711,340.3857808857809,409.33187645687644,649.5603146853147,283.64270104895104,255.66164044289044,687.293342074592,569.1285693473194,645.5772872960373,319.04778554778557,497.249053030303,588.8444784382284,483.04530885780883,475.967803030303,282.9024621212121,376.03751456876455,479.7361596736597,701.6372377622378,694.1829836829837,251.1067162004662,643.9508304195804,498.3245920745921,484.4624125874126
A,33_BBz,0.5,400.14778193479424,225.66461785141635,588.925250057265,372.556692372299,304.3283958158357,369.56997785752463,496.7565473009086,487.3488585172177,451.5285179812171,232.36668702756356,576.2920897915553,328.0995266091471,397.2091318622585,619.6742765518821,260.87161181950063,242.51477437581124,671.6573261052149,573.2087500954417,651.8016721386578,292.93403069405207,501.27907154310145,570.9285714285714,481.4337634572803,512.7225700542109,266.0862411239215,334.7800641368252,476.10662747194016,709.7443307627701,665.6398030083225,243.64514774375812,626.5851721768344,472.1389249446438,509.0072917462014
A,33_BBz,1,367.5558136448102,192.0224648261216,566.2215954340323,362.29572604194317,315.26931245022564,365.4840058401911,460.88916910007964,465.87742235200426,437.8433766923281,236.94916379081496,540.8836275550836,318.3233342182108,382.00859437217946,580.2209981417574,262.9423281125564,264.3270507034776,644.7564374834086,570.0027873639501,634.1721529068224,285.55720732678526,483.44451818423147,536.6055548181577,435.6528072736926,514.545294664189,269.9469737191399,295.9716286169365,467.28636846296786,694.6635585346429,625.0060724714627,229.43031590124767,620.0682904167772,415.10598619591184,522.4463432439607
A,33_BBz,2,329.09688177422044,191.46690011672504,576.5473570118393,350.1702934800734,330.1183508420877,344.73299149574785,469.2448724362181,428.8083208270802,433.42408704352175,239.03710188427547,524.9432632983159,329.13961147240286,384.3269968317492,579.4309654827414,262.50466900116726,281.4899116224779,642.0603635150909,579.6896781724196,639.827663831916,316.0799983324996,501.92296148074036,536.7831415707853,441.5920043355011,519.694180423545,268.21123061530767,287.5668250792063,471.9413456728364,692.7457478739369,614.5242621310655,228.2551692512923,607.825996331499,416.9399699849925,505.3608887777222
A,Mock,0.2,285.03967642526965,120.071937596302,623.7562596302004,315.3818374422188,453.3755778120185,347.7483628659476,540.4926810477658,513.3189522342064,504.2343990755008,288.75963020030815,395.05161787365176,354.88164483821265,386.37962249614793,631.4797765793528,258.3806818181818,396.26906779661016,637.2709938366718,618.7546224961479,607.1130585516179,334.94096687211095,561.3708590138675,534.6433936825886,379.17671417565487,420.3817411402157,259.9843990755008,320.5629815100154,494.6750770416025,622.3811633281972,482.3307973805855,244.91881741140216,491.8680662557781,477.4312403697997,384.7893875192604
A,Mock,0.5,278.5425256280275,121.74394502647291,628.6105666328715,288.7707558859975,456.64571364199617,343.1315759828771,517.4704291990537,515.5313732116706,505.9334234538695,289.84499267770644,404.45713641996167,350.6056100033795,381.032781345049,635.9210318801397,236.60831361946603,377.64943111411515,644.9995493973189,617.4747099245241,616.4208629041343,321.36690323307425,567.2553790695055,521.2846682437761,372.30438211107355,418.9425481581615,248.57632082910894,304.84747099245243,499.3495550298524,639.07885546919,451.9541511771995,244.09372535766587,472.0769404077954,482.29660921482485,407.0628590740115
A,Mock,1,271.0235031240948,125.56246120743162,599.030992675963,281.0854470972814,443.81975421028676,363.7186659494352,485.28042371829355,565.4891380808541,501.4931518185956,304.4099391732528,395.3885463648777,340.48810361236394,363.38225679645797,599.5997848305541,247.70236272603137,361.7914925311375,615.262630860264,601.1378325816196,576.5852608929532,310.3194024910001,537.177142384243,483.00099308975047,351.285596060744,400.17809409525387,249.36847767617,271.6697149004841,482.4410146066951,617.7243348367608,425.7589274630695,236.65196342119418,500.7287623618985,472.40286340878055,405.95398684156083
A,Mock,2,262.52593135458653,128.61023573958715,595.5838768779773,272.5402955905704,454.0436057163796,374.93626481006476,471.9488945889825,573.3661903016978,503.0378160498351,302.42643214852814,414.0992549163308,356.0620007328692,379.2547697569317,594.2452913155001,252.36909734945647,349.82936362525953,618.1042384267741,607.4922438011481,577.2945645535606,314.4782459997557,546.306608037132,494.9276902406254,361.02516184194457,421.4509588371809,244.29065591791866,258.16225723708317,486.9573958715036,626.119017955295,442.258947111274,228.40156345425675,498.0137779406376,468.94791743007204,422.44751435202147
A,None,0.2,246.7047898338221,190.99120234604106,227.35581622678396,452.5171065493646,349.633431085044,609.0430107526881,478.0791788856305,771.3000977517106,478.95992179863146,281.7448680351906,107.36559139784946,283.68035190615836,350.92179863147607,215.3343108504399,302.3372434017595,328.9853372434018,219.73802541544478,588.0733137829912,162.56500488758553,254.70967741935485,271.83088954056694,383.39784946236557,184.59042033235582,349.188660801564,266.03616813294235,470.5689149560117,310.54740957966766,214.74780058651027,708.1143695014663,207.14467253176932,676.3010752688172,378.54349951124146,248.68035190615836
A,None,0.5,238.92830188679244,198.45911949685535,241.7308176100629,361.33962264150944,299.2754716981132,553.7987421383648,345.451572327044,726.7320754716981,493.8540880503145,379.7811320754717,184.26792452830188,277.0452830188679,310.977358490566,239.3622641509434,288.75974842767295,314.074213836478,245.9194968553459,541.725786163522,199.24276729559747,248.81132075471697,267.7849056603774,318.82893081761006,230.4176100628931,302.8641509433962,273.325786163522,351.25283018867924,261.2641509433962,345.1911949685535,541.6855345911949,244.2691823899371,657.7358490566038,320.9446540880503,249.02138364779873
A,None,1,236.44684984734943,195.0707743547044,255.729392173189,295.97030252567305,268.4499028587288,520.5850679988898,286.88703857896195,695.9522620038856,500.34165972800446,375.4118789897308,200.16680543991117,267.458784346378,279.29364418540104,256.84318623369415,275.12461837357756,292.78823202886485,279.34915348320845,521.8281987232862,210.69747432694976,260.74604496253124,270.022481265612,291.96586178184845,258.11268387454896,274.8176519567028,298.3269497640855,293.7429919511518,231.0269220094366,384.2589508742714,482.88731612545104,261.58839855675825,640.0277546489037,284.9633638634471,245.1495975575909
A,None,2,230.2972791400739,194.64544843802486,257.7596573731945,292.38495129324826,265.75361101780317,505.1753443063487,283.3342290896876,689.7910648303662,520.8501847497481,392.572556264696,214.9145112529392,267.80265367819953,276.5263688276789,258.5908632851864,274.2591535102452,296.9261001007726,272.68693315418204,508.35656701377223,209.79123278468256,259.8417870339268,263.98723547195164,282.55660060463555,262.0399731273094,269.8562311051394,288.2945918710111,290.34010749076253,229.94642257306012,418.0399731273094,483.3522002015452,257.70305676855895,661.4610345985892,290.06852536110176,246.89418878065166
B,19_28z,0.2,403.138463271744,253.23614240648942,619.8596214511041,564.5819062640829,326.9633844073907,398.14049121225776,498.08810274898605,555.7596890491212,543.8483551149167,234.89961694456963,628.2350157728706,343.99763406940065,394.795853988283,667.7214961694457,292.6768814781433,310.9870437133844,657.7657728706624,557.8062190175755,618.0335736818387,410.840806669671,424.0687246507436,626.6891617845877,470.9470482199189,466.7696034249662,296.21698963497073,386.90232086525464,437.9248535376296,680.2130464173051,649.4310500225326,240.71507435781885,668.9576385759351,548.8900405588103,491.10500225326723
B,19_28z,0.5,399.5982473749228,230.19166924027178,630.253204138357,524.7906500926498,308.89843267449044,361.69738264360717,502.65484095120445,476.5514978381717,538.8638048177887,221.07778721432985,657.4332149474984,317.3518375540457,387.93367819641753,663.1679663372452,255.1278567016677,310.82072266831375,664.0679431747992,545.8820259419394,639.5224289684991,379.7168777022854,422.0421556516368,640.5518838789376,446.8928736874614,483.57415843113034,280.0276791229154,346.9650633106856,437.10071803582457,710.5589870290303,647.6831763434219,251.7512353304509,638.0631176652255,479.7046016059296,507.8023471278567
B,19_28z,1,344.7492882899981,183.4374644144999,611.9398367811729,487.81685329284494,348.4922186373126,363.83469349022585,459.81002087682674,433.7956917821218,534.158379199089,199.86240273296642,611.0102486240273,313.1648320364396,376.2414120326438,631.9818751186183,261.8847029796925,285.1508825204024,657.3087872461567,554.7828810020877,613.202125640539,342.7715885367242,395.6957676978554,593.5799013095464,415.1727082937939,499.2430252419814,295.9799772252799,342.45834124122223,468.900740178402,652.6579996204214,617.539001708104,204.1338014803568,650.5504839628013,492.27585879673563,530.9665021825773
B,19_28z,2,310.51538622566466,171.3561335566255,603.2236236131463,459.280929453632,376.98189240108854,328.9920452166632,425.2143081431861,365.8912497383295,532.5336508268788,239.8184006698765,542.3507431442328,313.73042704626334,346.91328239480845,584.5716453841324,260.80584048566044,306.0877119531086,629.5025120368432,570.3951224617961,619.2068243667574,328.3255704416998,426.1866234038099,546.877381201591,416.0861419300816,496.4048566045635,284.0297781034122,327.72896169143814,451.94656688298096,658.0074314423279,561.08546158677,212.9983253087712,603.8860686623403,431.7337240946201,525.6763659200335
B,19_BBz,0.2,396.8182427002411,241.51861773372622,607.699973211894,566.0229038306992,316.8481114385213,442.3392713635146,513.8313688722208,611.5782212697562,517.2992231449236,241.20144655772836,604.5176801500133,370.1222877042593,409.7018483793196,651.1074203053844,327.439057058666,283.88641843021696,641.7175194213769,557.9836592552906,618.5566568443611,379.8988748995446,497.88829359764264,598.7322528797214,431.9407982855612,424.67211358156976,321.16555049557996,376.1277792660059,443.8392713635146,662.3588266809537,679.8227966782748,221.94709349049023,706.1076881864452,493.4010179480311,489.52303777122955
B,19_BBz,0.5,403.1165447521986,218.16026958165529,625.2766088600313,570.1935152461576,313.56661461329827,381.34918221418593,470.2611983233336,507.8138407166927,503.01668447439795,243.2826086956522,639.6670913125668,335.55169721377496,393.64403714966716,660.1754746445303,280.9282896359004,273.28252650612313,671.9047423358264,544.5116298183611,658.1526259554532,322.81836114079067,502.9624804799868,619.4490424919866,437.84330566285854,461.866031067642,285.24767814580423,325.93507027204737,425.7811703788937,711.8677981425167,660.5443412509246,217.22224048656201,677.1488863318813,440.03776608860034,557.2833894961782
B,19_BBz,1,369.42998474954055,189.57959566730537,604.533414147734,542.2106127556407,313.49274625581666,348.92480350369533,430.64153599499474,427.0906424744848,470.982520627224,265.41774527822315,595.8083134555977,309.7669416963203,356.2696985101474,610.766198725218,267.6313299182732,279.3540452821335,643.807844210691,526.2760724201306,636.6331286904157,297.44371016306263,469.2720447346811,565.3714855511672,453.685293082548,475.1288468306417,264.14933719156926,305.60630352324716,452.25835842490125,688.4150862237516,597.9476400891565,190.93583075900364,656.4392523364486,430.02271927423453,559.2051382317288
B,19_BBz,2,310.01955216237604,181.9949723011033,599.6985708300358,533.7849262138634,321.2544108747265,347.3472370932452,429.90763930915693,422.33601787626276,455.62943997020625,267.7135608211908,569.0837949816116,316.1458963735394,361.8050370094502,595.4519342674922,267.3282435640799,300.4496066291141,637.3751687537824,540.5796750616825,647.4378287789209,311.8588520087519,489.9616405195289,547.8246357245938,462.94357804571484,496.16307434476977,251.85014664121783,293.71649364554725,473.060797914436,684.7728224942973,589.6759927377683,175.66337693775895,647.8765420604254,420.4532842977515,546.101717797123
B,22_28z,0.2,385.6184733963202,209.78157633018398,638.1018150174043,612.3132769766286,347.55308304326206,350.08826454500246,476.2746146195922,502.46941819990053,539.6399801093983,198.23694679264048,648.2400546991546,339.50534559920436,401.78194927896567,696.9845847836897,275.2754848334162,338.2992292391845,683.0555693684734,554.5599204375933,663.862506215813,399.08714569865737,530.2575832918945,611.07894082546,462.81315266036796,474.71929388364,282.82272501243165,375.5546991546494,492.6189706613625,701.8485827946296,657.8395077076082,236.2830681253108,593.3460964694182,576.584659373446,516.2504972650422
B,22_28z,0.5,345.8122573717684,176.7993722639795,635.909308664409,578.0569092260675,385.1089452382919,314.89873626827455,427.7626166680433,386.1145618237383,530.3654910382423,247.6375650450153,556.5984967374246,299.95713223754854,356.0865614933509,653.0703725117701,248.7677376724209,320.4994631205088,656.2647228875857,556.9272321797307,655.959444949203,317.3534318989015,517.4043115552986,561.682828115966,389.27174361939376,451.8286941438837,252.80845791690757,310.2792599322706,488.74089369786077,686.9389609316925,523.1304204179401,213.30271743619394,588.644337986289,529.5765259767077,513.7316428512431
B,22_28z,1,299.78949903660885,134.11681117533718,633.7637584296724,529.7984104046243,417.27303106936415,303.2863078034682,397.27562018304434,354.4700445568401,523.4713391136802,273.83718689788054,445.15522639691716,299.26246387283237,351.6687740847784,620.4264812138729,251.92711343930637,327.8455262524085,637.383369460501,564.7798049132948,642.1957791425818,300.15354046242777,524.3368256262042,519.9154022157996,355.9375903179191,415.3118075626204,244.59733261078998,275.63075024084776,495.27065269749517,663.6191293352601,442.1893063583815,199.85669556840077,570.8384814547206,500.33047326589593,523.8951710019268
B,22_28z,2,271.60047135402056,124.65686549576343,621.0943970596487,508.0568851355143,425.8090455081084,290.87727961393864,386.27623309578587,332.82975141686774,514.9002300656529,285.5865972728803,402.4624319622917,305.81399753100277,351.4756467089389,591.2333062117726,259.19340946074857,335.76426687615736,623.995356601762,572.7920150384379,627.1012990292352,304.5693844340946,523.0447926603446,495.52710285618093,346.844284832501,397.4953986869424,247.6792828685259,277.59616463722574,471.4597104539588,650.3671511138544,419.4403652993659,217.42912855619775,529.9533135065373,468.6017339094327,531.5520593681612
B,22_BBz,0.2,379.82903060352197,204.61839630706103,628.7977432039664,603.9526414771756,351.8813472388442,359.4257137972303,468.2085826637032,510.46589160540265,537.6317319199864,193.536843904941,628.8509146862712,339.9536672935545,403.2665412891092,694.9297315780475,276.7074713626261,321.1425884766627,680.9699093862199,552.5383826295093,659.046503675842,387.5672764575141,525.7924431526757,601.4147717558557,463.4676012993674,467.9020345358181,285.3862198666439,393.4460591554112,502.56197640622327,688.933834843563,655.51359206702,239.71892631219012,584.7310651393401,567.4698239015216,526.3586937938109
B,22_BBz,0.5,356.89425916588635,187.68371389469135,641.9008859756536,595.9402146510121,394.7034502629115,317.85579485701936,412.5467838363466,392.1756824893755,534.0120291003385,241.0432183245696,567.1089822084564,307.1419721962112,367.6858748109198,663.0211769790391,252.10588489519557,324.9489303464669,667.837859252323,558.697111575308,664.9942375567241,327.19534682705466,520.3951595476482,571.2884823165022,398.84426997046745,462.35827991068214,252.04588345458475,305.190592811352,498.38543542462,696.628826622488,537.7471728012678,209.18310163509327,607.0863646185983,539.256068573075,539.957285889217
B,22_BBz,1,296.03783430232556,132.46106104651162,624.7354360465116,533.4548546511628,419.46802325581393,303.07661337209305,380.9951453488372,350.5873110465116,523.8983575581395,288.9154796511628,449.1174273255814,297.14377906976745,354.1344912790698,604.8328052325581,261.43553779069765,332.74640988372096,624.8328052325581,559.133023255814,632.6881686046512,297.4850872093023,520.5713953488372,514.7330087209302,342.40973837209305,416.97991279069765,247.75606104651163,276.08822674418604,478.0848691860465,658.7383430232558,440.6518023255814,202.31697674418604,561.3338226744186,480.5829215116279,541.8033575581395
B,22_BBz,2,272.08358889751554,122.17333074534162,617.1631502329193,510.1706812888199,428.5704386645963,288.1993885869565,378.1488839285714,326.8988839285714,518.9192352484472,288.4450989906832,403.2950310559006,307.3677212732919,353.0513004658385,586.8439926242236,261.21790566770187,333.3545807453416,619.7990197981367,572.0634122670807,626.9509996118012,303.1243885869565,524.1859375,494.7690799689441,339.1805900621118,401.4661587732919,247.45144604037267,274.3854037267081,472.0996215062112,651.8205745341614,414.73502523291927,213.2681968167702,531.6633346273292,468.5356075310559,540.8541246118012
B,33_28z,0.2,395.2446560273345,203.54229342889286,630.8178674111422,595.0535438976624,322.8682861785908,313.9927913663069,500.59333722238426,435.28911621317553,530.7146756114838,245.38841201716738,646.3116588191175,318.72644693528895,365.24503104296014,653.109254552273,275.2410308762865,329.0020625859411,665.6374432268011,555.8365765240218,640.1479644985208,360.8248885370224,491.53329305387723,618.5967748656194,449.4468727863661,496.63779740822537,275.44697695737324,328.15240218342433,448.883099295804,682.6481311721321,592.0513354723114,235.09571232134672,605.4249343722655,529.6438184924372,465.7526771948831
B,33_28z,0.5,355.60656290130146,166.51959489612838,617.0698184865072,550.6488492609222,352.6111257843878,314.495423455587,465.5490669313928,376.4880372316688,531.4190293172069,254.70970591717594,569.8333500305102,303.8766473282999,357.5198681226605,606.4233554039654,258.9310558383956,345.44341933897397,638.7765644495852,566.8306997331488,642.5586116449148,323.0711572965145,506.4516981028971,588.6076831300832,378.78671026147777,488.2890190256742,258.58480496179385,284.2439093252215,449.3119427317189,670.0087887867832,507.60675415987396,227.5662984180184,593.8291969872221,451.56554249127953,470.87793149300086
B,33_28z,1,312.3626737227842,145.67438064050836,615.3066682260296,512.5594702064207,378.247431924059,313.92364481609263,446.243786913046,366.0003264916282,523.0599867454144,270.0444467185155,491.36662573338793,305.60233319688905,350.7765189170224,585.6055786211333,260.1252217219266,365.91295343352243,629.4039529852056,573.9712443716742,638.2590784164669,315.6349726136873,514.4203116776797,560.628730288677,343.0567169561234,470.36607508332844,253.67410287897394,250.10016470771689,456.8672299865505,663.675983860593,460.15191119427715,216.5700007796815,597.3595501237744,428.46862756563945,478.19142642730446
B,33_28z,2,289.8420632825358,145.71311654973684,608.0493408303234,491.80189521814106,407.04539199110246,292.939891140108,434.9426491487246,335.55373623102116,512.9140298943419,284.870744325299,460.20685626337576,308.6789307239913,346.43870311806637,575.6089188718565,262.2714307380341,374.73563560583506,623.804473478742,574.0859139344032,627.0113690619962,325.37863357805276,509.5869165913036,533.9037393204402,358.89235340706745,455.2904952619547,255.28615322394919,267.86520022243815,450.4970706690558,655.5729805029574,442.0932161975431,224.33147219242025,577.3139692293865,439.47962387727705,482.44375853100934
B,33_BBz,0.2,389.79255037115587,210.13984623541887,620.3395744962885,520.2423117709438,305.18130302226933,359.7927823435843,473.56346102863205,506.0123276776246,496.039203340403,244.16715270413573,620.8782144750795,347.2409530752916,375.12377386002123,630.6692073170732,280.8632356839873,286.17341595970305,668.1052160657476,551.8688030222694,657.5834437963945,307.104487009544,502.6123740721103,594.557032078473,457.9060180275716,489.4516503181336,268.7367775715801,312.8369565217391,455.6289766702015,704.257853923648,589.2887393955461,242.998177359491,675.607071845175,466.47488069989396,506.72928817603395
B,33_BBz,0.5,371.0796886262073,181.45881504973332,601.3396424967565,506.2894767190428,326.7162462159435,354.2628946230359,441.43429436355774,467.44973331411273,478.3808418624766,241.78698284561048,568.6834510595359,329.79805391379557,363.99166786795445,585.4976214501946,265.1464033443852,284.71673634135794,644.0089952429004,561.0477439815483,664.9038777569555,285.4179184085339,503.4117053481332,562.5813752342511,425.3462303589448,496.74366440824565,258.31020614098315,270.59824131468935,452.8698284561049,703.0884676373072,547.9644514919994,233.06522992648118,658.3536975637884,407.4489837105377,526.21910047571
B,33_BBz,1,337.2826772230775,167.03885345649147,590.2133274686606,495.0181071768932,308.38584048090314,349.4851550472839,413.75500329887836,437.7248735429954,463.51521149475843,245.2039256652738,538.0792830437651,320.14447254600105,359.4458250861374,565.3763836962099,265.4375962172861,289.73812403782716,632.9962795982699,562.1919580675903,653.4784656550106,281.8097096987024,495.11229015468075,537.1623597976688,396.1657686386629,504.5091268968551,255.95031522615645,245.52745399897367,465.58195880067444,699.761271167803,528.2766476064804,217.7137673191115,660.370519023532,396.37883952789383,553.916410087237
B,33_BBz,2,299.4159781184113,169.23163713032082,587.118696222007,485.4669781753946,321.27332041711776,327.18294489714515,411.0907744030999,402.5098581115733,466.1184967804433,252.6335403726708,531.8801071286114,326.3782266795829,359.914553535814,563.6744543848653,265.7010086044789,321.6527722377343,625.9286284118754,571.5345033905065,642.6268448344636,308.897686477862,506.4391418314434,529.3784831044504,412.4935608866602,509.84529032993333,261.89865519402815,267.0234486295515,454.97438600490057,689.0394894295971,525.9075445894352,226.68585104564363,633.9706535984957,403.086472163656,556.299589720212
B,Mock,0.2,274.0040893822112,117.45231488243026,601.9642179056522,391.16080035051846,428.16693442383524,349.2475536731415,494.4109829122243,491.07579962027165,488.2529574996349,288.0990214692566,365.14707171023804,340.1422520812034,374.58405140937634,611.5194975901854,255.6185190594421,368.9572075361472,610.9583759310647,598.5167226522565,603.0075945669637,314.3500803271506,534.7923178034175,517.1009201109975,355.22345552796844,389.15919380750694,264.3435081057397,323.20432306119466,483.66321016503576,602.9862713597196,480.64071856287427,241.90462976486052,486.5700306703666,460.1028187527384,415.54987585804
B,Mock,0.5,267.43037464750904,116.77078017993823,623.2750100711696,378.08849201020547,452.29072109574327,348.16718141533505,473.37545320263195,500.7950852692359,499.94803276487175,277.7190815093326,391.2422451994092,344.6115214180207,385.2574190949376,636.5540486101786,243.4338659863032,356.3242916610716,639.0624412515107,602.4393715590171,630.3169061366993,307.20008056935677,555.281992748758,515.1333422854841,362.3852558077078,401.99838861286423,250.01544246005102,303.41828924399084,491.22586276352894,638.5539143279173,464.1553645763395,242.3860615012757,454.2438565865449,457.00429703236205,460.6370350476702
B,Mock,1,268.0486551693325,121.59083191850594,600.4036279152891,360.8491645071933,446.4331158967027,355.2633812885354,439.5127781252792,541.6914484853901,492.0490125994102,297.54592976498975,384.32070413725313,333.8084174783308,358.4622464480386,602.6880975784112,253.1854615315879,344.9219462067733,609.7597176302386,585.6137968010008,594.445402555625,297.9152890715754,522.2585113037262,466.3762845143419,346.30904298096686,396.44062192833525,251.84326691091056,273.2143686891252,484.8111875614333,615.733714592083,422.5489679206505,227.17849164507194,502.08725761772854,475.5982485926191,462.63515324814585
B,Mock,2,262.2119654213793,124.40089112304352,599.5954529875471,357.9335465935489,452.3041243002399,356.8248981301649,423.1997410411668,539.451921246049,495.94550439849195,292.0340835523059,402.3530218210899,343.07410792490197,370.7688411592216,600.6215773639514,252.35412620434897,327.86484633839825,617.637762291024,589.4641075440801,600.6363151681328,304.46981987128225,530.0748314863475,476.6544042042728,358.48722342815796,414.2836741688564,247.4153623519555,271.64396968658366,490.5200502684794,624.0683194333371,432.0096347918809,220.08199093644083,493.64065653680643,471.77931375909213,488.0078068471762
B,None,0.2,245.00922266139656,189.57180500658762,234.5006587615283,449.1317523056654,347.33069828722,610.7351778656126,451.0619235836627,769.0632411067194,478.7391304347826,320.26218708827406,121.05270092226614,286.45454545454544,345.7615283267457,208.91699604743084,305.5546772068511,333.4519104084321,215.26482213438734,590.0,164.30698287220025,248.17786561264822,260.1528326745718,358.66139657444006,189.96442687747034,345.02503293807644,264.45718050065875,451.22529644268775,305.7997364953887,221.8893280632411,655.8603425559947,209.63636363636363,666.3886693017128,384.3794466403162,245.6086956521739
B,None,0.5,235.90568475452196,194.1782945736434,232.75968992248062,369.7700258397933,303.90826873385015,560.9431524547804,352.12532299741605,734.0361757105943,485.04005167958655,384.4250645994832,177.44573643410854,278.78811369509043,321.35271317829455,236.92118863049095,293.48062015503876,312.7958656330749,239.9095607235142,545.452196382429,186.99483204134367,238.50129198966408,277.9935400516796,330.7454780361757,222.1847545219638,308.4173126614987,266.93152454780363,360.11498708010333,251.98837209302326,336.1279069767442,545.5930232558139,247.36046511627907,650.7131782945736,302.7842377260982,245.12790697674419
B,None,1,235.04869762174405,195.35711589278972,259.126462816157,295.1468478671197,267.9460173650434,517.2461306153266,284.68591921479805,692.0143450358626,517.922234805587,369.0849377123443,199.38165345413364,267.3544733861835,280.29369573423935,257.75349188372974,276.1468478671197,287.6493016232541,283.1819554548886,519.8040770101925,216.38467346168366,261.1823329558324,273.7750094375236,296.6972442431106,258.8516421291053,274.5285013212533,303.9879199697999,291.9747074367686,231.94148735371837,395.085315213288,475.06530766326915,261.8690071725179,653.722536806342,277.1313703284258,247.99282748206872
B,None,2,230.73636232093764,195.87064100709014,258.9966719722182,292.6955578063956,266.4958761394878,512.03704239618,281.9953697004775,696.1501953407611,525.6648820720591,398.4524670814643,214.8524092027203,268.5544783678194,276.0218492258718,259.56793517580667,274.74533352626247,299.70510779916077,272.0198234698307,512.0930400810303,205.294458110259,259.38894515989006,258.7527130661265,277.8564607148025,262.4465345102011,270.1840544060194,288.66748661554044,290.08377948198523,228.05715525973088,415.1290695991897,481.8386630010129,257.14657791925913,660.5512950368977,297.7464911011431,244.37143683982057
C,19_28z,0.2,369.0084947602413,201.42259447443632,602.7028421721182,507.0529533185138,334.70339790409656,371.2225309622102,420.3081136868847,503.54279136233725,549.2755636710067,247.23761511590982,522.0039695141314,311.488647189584,369.9030644649095,653.641155922515,284.7935058748809,275.425452524611,653.4522070498571,570.2858844077485,585.1314703080343,341.97578596379805,431.97832645284217,554.0005557319784,488.61352810416,467.84185455700225,283.0215147665926,424.5020641473484,419.5260400127024,661.3886154334709,597.1578278818672,254.5618450301683,595.9404572880279,527.264131470308,568.7302318196253
C,19_28z,0.5,390.9049314345992,226.3690664556962,606.279733649789,478.95899261603375,313.72903481012656,353.0018459915612,451.42444620253167,456.23088080168776,543.3225210970464,223.37473628691984,591.8495516877637,298.77676687763716,391.76305379746833,675.8635944092827,257.1455696202532,276.3283887130802,668.2107726793249,552.1153744725739,610.6024525316456,356.92431434599155,430.2497362869198,590.1091772151899,475.7534282700422,473.2376714135021,275.596914556962,404.30847837552744,465.3354430379747,699.629746835443,646.4872758438819,265.271888185654,580.7724815400844,515.15631592827,575.9988132911392
C,19_28z,1,357.60894004282653,184.04220199857244,602.056209850107,454.2371520342612,344.0833333333333,359.3029086366881,438.913454675232,437.7503568879372,542.2269807280514,193.68040685224838,605.9606531049251,301.9038187009279,388.8637580299786,664.6598857958601,257.9034618129907,277.4296038543897,668.2545503211992,553.9006067094932,602.5056209850108,345.6514097073519,394.80049964311206,581.1737152034261,456.4062276945039,492.0551391862955,290.6327623126338,359.0678087080657,486.8595645967166,671.8981977159171,624.707619557459,222.77480371163455,604.8670592433975,517.0831548893648,569.269539614561
C,19_28z,2,295.2798122065728,183.038545804743,560.0903334537137,425.3258215962441,360.8193090164921,338.8488022149994,462.10841459010476,382.9946551101481,526.0363789575057,178.79841097869266,512.0413627061514,283.6907427470808,350.70371975442396,588.3531720235945,266.79540146864093,262.6917298663777,624.2300228722764,549.7739737570723,574.975057180691,331.57878897315516,396.36814734561216,549.7104369808595,378.68320693391115,443.67954736968824,299.955988925003,398.9708438666185,429.0087396171903,605.6157698326713,645.8911520404478,210.92136752136753,606.796051522812,438.9483327314313,541.2674371012399
C,19_BBz,0.2,367.31235294117647,209.0920588235294,564.2026470588236,540.6038235294118,333.90529411764703,433.8579411764706,472.78,576.0861764705883,552.2758823529412,215.21970588235294,498.8517647058824,334.7888235294118,395.44029411764706,622.6211764705882,306.7314705882353,270.80617647058824,630.2102941176471,573.0414705882353,566.26,327.60470588235296,442.5170588235294,549.6294117647059,421.8976470588235,433.8311764705882,314.80029411764707,440.74264705882354,468.10617647058825,614.859705882353,673.5194117647059,218.2735294117647,670.6738235294117,526.8232352941177,529.705
C,19_BBz,0.5,417.31265286156855,249.04043698027067,614.8949942931681,543.6599543453449,306.55356269362466,384.38945051361486,444.57321050057067,489.52038154247515,520.5282895809555,232.6371270177727,621.5068481982717,314.6931354964944,395.72077286809065,704.3326267731942,260.76332952877874,257.68669492907225,697.2932496331323,541.8889613565955,628.3884721995761,302.5321213109408,450.70748410239685,579.9709766835155,442.61364748084134,420.1529430947334,286.718000978314,355.22925158976034,420.4717919452144,722.8094733409424,677.176178053155,199.32814283384965,695.4353497472689,513.7333278982553,615.8830914723626
C,19_BBz,1,379.17244216194655,184.23272337455126,591.1115875548464,537.1897686477862,328.4745961308337,341.13609393697647,376.02266154766653,401.9616074990028,494.3728560031911,264.3379537295572,563.9813522138013,291.057489030714,363.11026625448744,627.6406810929398,265.0584363781412,271.1931092939769,655.5887265656163,528.5564668927004,605.368667730355,287.08002592740326,422.07344435580376,532.8555793777423,427.2157209812525,447.5771090945353,264.91463901076986,303.6155514559234,430.7793677702433,695.0146340247308,569.4600368966893,189.1750099720782,649.7291084962106,456.5269495412844,630.8730305145592
C,19_BBz,2,316.2556552962298,168.65729104328744,598.8213445042888,516.8677039696788,378.1311390384999,333.7859964093357,388.65334131258726,391.5083582685019,482.06658687412727,267.37083582685017,532.9618192698982,309.40243367245165,366.35842808697384,596.834709754638,262.58184719728706,273.0396967883503,646.3844005585478,551.3694394574107,614.8823459006583,298.53919808497903,456.1935767005785,520.0136046279673,459.2430081787353,490.7374027528426,258.72315978456015,299.1929383602633,464.2482345900658,691.4245362058648,540.2981049271893,171.83155794933174,648.8525034909236,442.56425294234987,613.6747257131458
C,22_28z,0.2,388.43277577810716,201.7338556002541,600.3053144188016,532.105653186534,346.81515985602374,385.66927800127036,433.48083845013764,540.7372432775778,550.0431928858776,219.48973110311243,583.2676265085751,321.35168325217023,394.22760957018846,688.6675841626085,282.9055684946009,303.67478297692145,668.5657421130637,560.4247300444632,609.9692991742537,373.02752487825535,481.10226550921027,550.8431081939445,489.65975015879735,459.81685369468556,293.59813677747195,428.8801609146729,497.50815159856023,671.0863857717552,650.1708659750159,237.12259157315265,579.143764556426,574.4727927164937,562.236713952996
C,22_28z,0.5,357.2303125,187.0059375,614.1565625,507.62421875,372.60953125,312.2884375,376.72671875,382.54046875,534.64515625,248.34078125,551.64625,294.95734375,366.7053125,672.8409375,245.94453125,301.72625,661.6225,555.84,614.936875,319.73265625,485.638125,529.45015625,436.75640625,452.86796875,265.35984375,371.1353125,483.04921875,690.009375,536.17984375,224.25953125,545.1425,558.575,582.29328125
C,22_28z,1,311.3602694551707,139.96488063361426,610.6381239606528,503.05961272865636,445.02691733137914,295.3109445023817,333.0963104935314,339.498492065729,535.95634037036,272.2919473491361,450.6501592491333,294.59570450125426,362.1888159192762,628.7049522252601,262.50274810451253,294.7811663237408,628.452915809352,558.7708503621861,613.924772400575,304.3910764113983,506.7824346796697,503.8433721356295,375.01713689788323,433.07204261675923,251.22041207474845,276.5372755714648,490.1496659996054,670.56255813298,434.5650948448378,197.78156092336312,542.5640519744074,521.8816201133064,588.928887510922
C,22_28z,2,278.91265730112025,120.55350655450113,603.0649924716478,471.235160858094,456.5945464340475,283.5357838465045,329.6205710496871,310.6296741397649,519.2442501346816,306.9835343196165,397.08536736977334,306.3786968353294,361.00950368129514,584.7823408340586,260.95516141063365,288.03544541599325,611.282306300333,562.3328498611744,585.2285027557913,297.40735982760765,506.8292652604534,465.8467669526059,354.4074288950589,407.6089953448538,253.46149489591537,298.5865622366803,461.89751771580126,650.7711380934621,381.62717389802884,218.60320749243712,492.40049452295113,474.68262124791073,600.658599588358
C,22_BBz,0.2,372.2504606661942,192.24365698086464,602.7886605244507,521.9692416725726,361.2884479092842,369.0586817859674,429.2420978029766,511.056980864635,551.4578313253012,222.2586817859674,568.8334514528703,322.4789510985117,394.83571934798016,680.0623671155209,271.5965981573352,291.2316087880935,668.3768958185684,562.4053862508858,611.9274273564847,356.38610914245214,492.7091424521616,555.9381998582566,480.290290574061,467.86619418851876,287.039546420978,434.03217576187103,483.4751240255138,674.392629340893,628.3846917080085,250.02990786676116,562.642239546421,557.5299787384834,576.9732104890148
C,22_BBz,0.5,358.8496423799418,185.25897980036154,619.9610940815845,525.9742985145012,406.9118918494066,290.4771673347481,373.62713196573134,345.9162933270455,540.2682543425293,263.19028531006836,536.1362886111766,294.28853257879433,361.8545940422856,666.6549555922345,242.8563231942152,294.81521653698024,658.0176059105556,559.1828185176452,633.7096596714612,319.13518824176685,491.9566926039456,532.6338127800047,429.6577065157589,462.020278236265,257.1894207341036,339.0400062878252,496.71641908354945,692.4627839346066,504.77112316277606,211.59970132830307,566.6190363907883,568.1127878644974,580.1478424899788
C,22_BBz,1,295.08185917004073,128.26464690329914,605.2807658411352,483.5011814593897,445.62158813687046,293.00286104760323,334.5546345139412,329.8664503850919,527.222995670111,306.9936137330285,436.22779814287355,298.56007561340095,365.87344973369267,603.1578685195356,259.3866373749888,292.5516585135325,614.8411224502829,556.0181880883348,604.629762558594,295.24424916659217,508.6686421519165,493.6262373392257,356.34148646750026,420.32231489405183,249.6537621498729,290.1525296003474,470.12107084924577,655.3238092805232,411.4637196173349,205.01777936724866,512.786634820482,493.2791820469263,596.5448635254749
C,22_BBz,2,274.69108234529557,116.69780780304232,593.3703913611873,456.44601875571476,449.73265171952573,282.0952219023222,338.007367776745,308.8389895188653,512.8955967143494,317.55135151473934,389.6206841830836,316.0151360582772,367.4509759470427,565.5844876183568,259.430535089509,286.7621757233645,599.8020901815873,561.9023675122608,582.7911027483697,295.2227033317464,507.7959541459802,463.80833201091184,346.63415776865935,403.0760959095615,253.45226058503926,300.00935518729267,449.5284925150945,643.0958415512382,376.009846372409,220.9782593910816,476.99174053335145,455.121723228522,590.3527162536933
C,33_28z,0.2,397.55191970686633,204.442568105783,606.0260952684404,548.8763422016887,326.79015453241993,340.08676119165204,448.6184801656842,470.2128086665605,551.6950454038554,231.8218575752748,610.545356061813,310.78795602995064,373.45391110403057,668.807105305082,278.9118368647443,305.3024056077744,662.3472678030906,558.0727098932612,610.2189581010036,358.0123944559503,460.01765174446393,579.1595985343317,469.1438903935001,480.1825712920185,284.31043492114065,383.4881949976103,449.19130157718655,678.0393818703202,613.738664967341,237.55969412139558,591.057638999522,549.5507089373905,551.7049545961446
C,33_28z,0.5,358.2419044284964,168.37588249022696,599.1931267868604,524.7329920065348,331.66560184374816,306.645603594142,432.5771486084369,372.671713635568,546.4168125328199,252.46211856000934,576.9461753894626,291.03637901861254,361.2605898827236,631.8991481416653,256.69505222008286,300.0493027597876,639.5472606336426,562.4586323589474,619.2069403115701,318.90540579963823,479.0954985705117,568.8053416185309,399.82637551782483,476.6039296341677,262.22938911255034,318.45858859910146,450.22886399439875,679.1479957990548,530.161517591458,229.94945737791002,560.1995594842173,496.3751239862302,532.1346198728047
C,33_28z,1,313.35247205307644,139.78948165651792,600.4218394983186,504.62938895452754,366.05722681692873,301.8413614468781,422.57994789299886,349.5366339483171,530.9316171347208,265.62472356024114,498.0644975612712,299.93968311672575,358.7183949831864,590.9796267684571,262.20970795843556,307.2128358932412,619.5654972886183,574.8464282468418,612.4005952921931,316.52932533551456,495.45294465145867,558.9584204307916,364.11580932472964,469.53718682783483,265.2031415674513,252.2857554000424,462.70989730073615,670.2048532218486,470.0857644884728,213.39263534187646,559.706951134539,459.59479990305675,524.2290511678633
C,33_28z,2,279.38472344410707,132.12781309419077,593.0521752703124,478.20040724238726,436.4260010784119,287.7746119136135,391.11122541646563,323.72621817975426,517.7693830348782,291.0533742940659,431.00447682833385,317.06736526946105,368.93756562703976,572.8048854896841,262.6262948037574,304.0757868149956,610.8916479836536,574.9835967874677,591.5932542497942,316.8174575020575,497.58339955160767,512.6474302579675,370.20048528535347,438.244082924199,261.1980233845106,277.41618894911596,442.13777421460395,656.1226622584215,416.7117944206374,228.45066265573118,525.5835840168005,443.237711780231,541.6821806623719
C,33_BBz,0.2,386.5113623642673,196.1681032874361,581.464233740065,519.8957050636218,329.51916116273,354.4450539199224,417.62711295197585,475.3435575954327,497.6500242546364,242.1884771819844,571.9575357289451,314.95559535803574,356.55117728273444,607.8815627448786,280.25721108996606,261.49639911937015,670.710474271428,537.0689951117579,621.1391469830963,294.074405761409,435.2740027612971,514.9737676778984,446.337624538229,457.9139520131348,281.954811746707,340.6362923989701,446.73282585171086,680.3677002873242,582.0126124109108,242.2253069144371,663.1694839359677,499.3248255531923,576.7136833463935
C,33_BBz,0.5,363.2906780441389,163.0050646121735,576.939915282851,500.6982105036987,373.4878909727125,346.5172503760091,402.63565486970134,435.39787900181096,484.6004481414408,245.622778476933,518.7501764940606,305.6541483777894,361.4519015316615,569.48959452408,260.32814082691306,242.06432057460327,657.6994382884681,545.563890849934,639.1072163049818,278.1766168390681,451.1740231437429,496.1699561066945,408.83165536081526,471.03512999171244,268.2956045305258,286.45418828079437,455.753644986034,693.9063507167193,509.3763927683477,227.99092974001658,654.3571318947788,452.0061849657755,585.9264403450076
C,33_BBz,1,319.4549885039401,150.91962583764027,582.8483109635074,488.85864759172284,386.9264252166565,341.8603769135536,382.9508911902844,413.6518167704915,479.6309666516006,247.14033053628629,486.33307131487413,305.3937744414094,365.9334407609016,566.5752549767132,262.1761943128893,252.65171851356928,647.0990822803467,560.0197889441312,629.9778332383516,280.79206870124,464.10438815414545,481.2046691689429,389.6338554051133,481.08100300666183,262.0351956295321,244.71580167822822,466.53306345432037,694.3824748953564,483.0372983276672,207.32069094267692,655.9418515534419,443.5834299526402,599.7320533731602
C,33_BBz,2,287.1276948590381,151.47830666487383,577.4128232710323,482.1324458787145,394.6196719107167,318.33263860875803,377.24790462103897,375.87945408094663,479.6622069831025,259.82983729998654,478.15947290574155,317.9785083591054,377.4304827215275,557.3422302899914,262.8321231679441,268.02315001568735,631.304961678096,573.6102371027744,618.6714625072834,297.00600600600603,476.4750795571691,473.15806104612074,411.18448299045315,489.89012146474835,263.4377885348035,266.100779884362,454.7660122809377,690.900654385729,477.8722827304917,218.97324189861504,630.1311684819148,438.84859486352025,603.1713952758729
C,Mock,0.2,272.1138457307851,108.43063385123058,601.1300701223704,345.2946514505706,484.4557954076722,327.58091571566064,451.20789220404237,450.2439158531555,487.79719510518356,308.0171868554929,363.74687199230027,365.21215454420457,367.6047023236629,617.1590815344424,254.9866630001375,307.0136119895504,610.4027223979101,590.8611302076172,540.4157844080847,304.18878042073425,525.2930015124433,472.5659287776708,373.90320362986387,403.4056097896329,262.1513818231816,358.8790045373299,467.6143269627389,600.3315000687475,433.4648700673725,249.57830331362575,430.2287914203217,449.65447545717035,479.6276639626014
C,Mock,0.5,265.6962767867832,111.0381898719023,603.129654016521,331.7981563510116,493.56937627199807,329.2351251047528,418.43696875374116,471.49155991859215,483.5000598587334,313.12330899078177,370.72297378187477,360.83167724170954,367.78307195019755,618.9230216688615,243.95714114689332,294.822818149168,615.874655812283,585.829282892374,545.249610918233,293.87788818388606,525.4913204836586,449.1090626122351,358.6507841494074,404.07614030887106,253.68705854184125,340.5487848677122,467.65988267688255,610.4659403807016,401.7177062133365,245.88674727642763,415.0216688614869,447.612115407638,517.6784388842332
C,Mock,1,263.9397021256085,110.88191063768255,591.2968139972044,323.2054754904324,479.3345061936665,335.67942353111295,404.07856557574587,504.6214874439678,477.28519785993154,314.00231358750665,357.63074179399433,348.93078517376006,349.2838964669591,599.9247602062949,254.41977153323373,293.2051380922543,599.0365836024486,572.799826480937,524.5361257049212,290.46348869716104,505.92644719718515,415.40319082276955,340.18267701354415,388.2168988287463,255.9319901672531,315.0761073890201,462.38723670892176,597.7956331035813,380.091868703909,232.85448498578108,448.6322841856654,451.6775437412638,511.97623752831737
C,Mock,2,263.25626669594175,117.21121967285103,589.4060818970249,317.80023420060746,488.12763933106453,343.58934387236064,390.74731950085993,509.7658359863871,488.6823288322904,302.24232444102904,375.0229443407619,364.5773776850734,363.5207304131445,603.3427379514766,257.46199729205546,285.2854685841841,608.3479708712995,583.780546712043,531.8024298313023,297.6002122443005,516.8022834559227,433.2140008050646,354.2384820873129,414.73817103963114,255.1584513484832,304.7782778936583,479.18662860906795,606.5433454093021,405.8538075895634,222.12097925128992,461.7785706444176,454.0655761700882,521.6039448164819
C,None,0.2,241.4122383252818,184.69243156199678,247.3913043478261,429.8582930756844,335.6682769726248,609.0305958132045,416.7938808373591,767.0434782608696,475.1127214170692,357.27536231884056,136.23510466988728,284.6070853462158,330.40579710144925,223.96779388083735,296.2512077294686,332.59742351046697,224.67632850241546,590.3623188405797,167.3317230273752,246.79871175523348,255.87761674718197,337.42995169082127,204.1755233494364,335.26409017713365,274.7632850241546,419.1256038647343,287.7487922705314,244.52657004830917,612.9710144927536,229.1014492753623,660.0837359098228,381.45571658615137,237.90660225442835
C,None,0.5,239.56726768377254,198.43273231622746,248.6601941747573,348.5533980582524,291.9889042995839,540.3925104022192,330.3148404993065,712.119278779473,484.6712898751734,378.57142857142856,188.6490984743412,276.41886269070733,302.9875173370319,245.74757281553397,284.6366158113731,306.42024965325936,255.7766990291262,534.4618585298197,206.19694868238557,252.17753120665742,272.0527045769764,314.997226074896,236.70457697642163,295.91678224687934,280.83217753120664,336.997226074896,258.95839112343964,338.00416088765604,518.4660194174758,245.95284327323162,638.1983356449376,309.56033287101246,247.9015256588072
C,None,1,237.93330863282696,194.8895887365691,259.0233419785106,307.882178584661,272.6954427565765,521.7395331604298,290.14190440904036,698.6413486476473,502.30900333456833,374.40644683216004,199.65394590589108,270.8314190440904,280.9492404594294,258.0967024824009,276.0781771026306,296.45720637273064,275.5909596146721,522.4857354575769,213.62171174509078,261.5791033716191,265.5720637273064,291.573545757688,256.76028158577253,278.2978881067062,295.75064838829195,298.97184142274915,240.45683586513525,374.0455724342349,493.3542052612079,255.58725453871804,645.9922193404965,297.1745090774361,246.27936272693591
C,None,2,230.1769230769231,193.94708624708625,260.0272727272727,300.4055944055944,269.5958041958042,508.64102564102564,289.5177156177156,693.1995337995338,516.8988344988345,390.109324009324,212.07202797202797,269.3974358974359,278.2832167832168,258.1990675990676,275.9566433566434,298.5759906759907,270.17249417249417,510.37156177156174,209.86526806526805,260.1885780885781,260.2184149184149,283.23006993006993,259.2305361305361,273.1734265734266,287.8969696969697,295.09020979020977,236.2993006993007,399.7034965034965,500.93659673659675,254.77832167832167,654.8834498834499,298.5792540792541,246.7899766899767
D,19_28z,0.2,352.3124026559554,180.2960078694975,596.1224690548405,373.2301008279367,313.17025985736535,362.9591769817198,430.9864743011722,495.3915894745471,532.5416837445692,259.8462169030248,525.1033691286171,319.32068202311666,363.82326420198376,624.2098532666612,266.8422001803427,274.79211410771376,646.5674235593082,566.251987867858,558.4540536109517,321.52037052217395,450.1747684236413,548.7489958193295,460.9562259201574,460.08328551520617,280.3061726371014,445.0122960898434,434.49758176899746,633.4398721206657,570.1131240265596,249.22370686121812,604.971391097631,530.4279039265514,548.9409787687515
D,19_28z,0.5,395.37011009604123,243.7552119934411,598.7649722807839,348.91215741391426,286.8586710392754,364.12540017178105,472.86116967283516,475.30748809244943,521.1274303115483,229.06949324588115,604.7653626922777,296.71015850706647,387.9355821035371,659.6476926680722,253.76341063480908,264.3174045443898,669.5885843679238,544.5823377840244,595.1963769813383,375.0256890762864,437.0778480518467,588.4406184118061,453.0258452408839,447.7423284141485,287.6827516202077,425.2337003201374,463.3768251737331,671.6163816662763,669.9843835402514,267.8510189739986,616.0067150776919,542.9999219177013,554.4464745842117
D,19_28z,1,387.16283348666053,214.09076970254523,610.7099049371359,312.70837166513337,300.78679852805885,351.47424103035877,495.5538178472861,445.95001533272,524.3843146274149,202.24417356639069,621.0985127261577,301.7013186139221,387.3801747930083,652.7511499540018,257.4260196258816,291.2858019012573,668.8918276602269,549.3140907697025,603.1201318613922,388.09966268015944,398.76740263722786,599.971864458755,456.5795001533272,482.2516099356026,288.754983134008,362.65401717264643,494.56194418889913,657.766252683226,652.47493100276,229.18284268629256,607.051287948482,532.3192272309108,525.4333026678933
D,19_28z,2,328.0381881789726,197.76744614251518,592.3820659178789,311.1104768919168,308.2390719941079,330.7439145645369,475.455275271589,388.27339348186337,519.4461793408212,209.46798011415945,553.23631007181,297.50532130362734,350.259252439698,598.2227950653655,260.8821211563248,292.3180629718284,636.7118762658811,554.6289817713129,600.7952863192783,358.0289449456822,413.1271589025962,570.7467133124654,435.2371938869453,465.77201252071444,291.9891364389615,369.1052108267354,462.3322408396244,625.7101086356104,626.7457926716995,215.33231449088566,602.9781624010311,477.4188178972565,522.5473761738169
D,19_BBz,0.2,367.6554152501214,213.04322486644003,581.4242350655658,397.9766877124818,307.91403593977657,430.716852841185,478.9099077221952,578.4893152015542,536.4045653229723,231.04346770276834,528.4793589120933,349.70859640602237,408.1699854298203,628.7984458474988,294.2442933462846,268.10636231180183,643.613404565323,573.3975230694512,571.3261291889266,334.7525497814473,463.1155900922778,561.7034968431277,422.7433220009713,435.3625546381739,309.3414278776105,441.5735794074794,456.78630403108303,625.0475959203496,667.0444390480816,236.2736765420107,663.8331714424478,525.1894123360855,528.5390966488586
D,19_BBz,0.5,412.9391425827294,252.6806950144067,619.2797520300358,388.9588754038243,276.894176198376,426.1634506242906,497.19453418318346,552.971099275299,510.5073779795687,207.4434645944294,622.0962193311796,329.86597398061645,423.956256002794,696.3206146861085,273.9887365755697,236.33860123984982,699.5870950842574,553.1502663057714,633.0949096306645,325.69405395966123,492.18641403998953,602.8391687767397,405.57260106522307,415.50894962018685,312.0784947175413,404.51593468960095,423.8213568497337,702.2505020518641,710.1535842137431,226.93853138915568,690.1073954422423,488.92447393695977,603.9487470531739
D,19_BBz,1,390.09073228097157,204.90994617576553,609.687502826903,359.03704373784433,285.63462843186034,360.45628477090776,442.1276855579176,445.00646795422676,469.1472703423945,253.1884300511104,579.096431317563,304.507349947985,383.9921299018499,642.2602107738929,256.8883712515265,262.7539463566873,679.1885657424579,540.4258899090868,615.6154959518748,305.98733547424126,441.87670179564884,560.7390203084717,452.01972047582433,464.5224116875481,271.0329277669727,337.9911348319689,451.3456058618662,685.8845266633498,637.7122891130309,194.90949387127415,642.5149034329911,479.9657153195531,601.5868198471211
D,19_BBz,2,313.44825321775676,180.99553454163384,601.0924612555818,355.5449610366868,306.2954207162245,342.48564048682255,442.1206549338937,420.2217844321863,448.62573329831014,267.2538744418177,533.4516679800367,316.3418264600298,374.8562297522108,593.0475439978986,257.7309780229402,280.8165221959548,644.364109972857,551.567463444532,630.9706242885912,314.4144120479818,468.44641449960596,542.3597758515016,487.273268540408,500.34537255932054,257.4587601786183,325.9639261010419,478.2863146834778,681.7690219770598,590.076744593293,180.50783644164258,623.1863234392786,452.8517205148411,576.6745031083093
D,22_28z,0.2,387.062201649067,223.3059453204108,601.6607840300883,377.35946766960797,307.5167076522494,400.43685809344714,470.62867062056995,563.1766237523507,539.989729495154,221.0499059742514,611.4908144076378,328.16172428757415,410.0886735136699,684.7280486040793,265.97106900043394,305.41168812382466,678.5386952119196,555.0496166642557,602.0746419788803,387.3584550846232,496.86199913207,574.5739910313902,478.82048314769276,433.5125126573123,296.8214957326776,456.955735570664,493.259800376103,663.2391147114133,678.9835093302473,249.27542311586865,568.040937364386,580.7908288731376,564.5679155214813
D,22_28z,0.5,397.9901062127164,240.1753237305398,609.3985159319075,359.76836898006695,291.0327367961589,333.9671177069693,425.79892332314853,436.31296377127893,521.5927542557835,223.4443474465299,611.9886512439982,294.0426305834425,387.21227993598137,684.7039138658519,244.47853921140697,310.49876327658956,687.841553906591,542.9137203550124,615.1846355303361,362.24763567583295,469.8507202095155,564.9201222173723,449.57587661865267,434.3436636112324,278.4695184053543,398.5658373344973,489.0024734468209,693.2338134730103,655.9134293612688,228.30990833697075,555.7302487996508,594.8568310781318,572.1142150443766
D,22_28z,1,343.1829978923007,176.6216473116502,628.6429309418523,366.1523742612721,350.9139976030086,337.7962970616192,400.33318179939664,410.91965946191675,521.3537215357276,237.7414142249039,534.8509319337107,299.4726205727983,388.76017688143156,652.4906806628921,253.49514402611894,319.05132867710876,678.2827209984708,566.7543497127743,624.5907343885606,332.2099847088482,495.8634954746456,563.7859238748605,412.58751084845227,462.5289498698186,254.62573872794147,318.340331446047,513.6840930693887,681.9581766334669,562.4840269454891,193.2099433814109,594.9407777823698,548.7759226350374,574.5400256230112
D,22_28z,2,286.5353969770982,143.0056989133128,619.9098792963081,346.09518247141693,421.47113376517643,308.36071289511875,378.0740681745779,354.8090864040211,523.0545113447312,276.25779618420586,427.438692435666,307.1632862553538,371.93706417471947,584.7897773530141,255.2820431135181,305.3481469682489,637.5952532653712,570.0885809351881,593.2293547131075,309.33301476053947,510.06893561289866,511.4470107252841,368.46839049945135,442.29296308095286,254.69438249973453,338.67921489504795,464.58583766946305,655.6332873172631,452.35616438356163,215.42118863049095,545.7804148525715,486.9036140313617,590.2132667870164
D,22_BBz,0.2,382.59850859180807,212.00907813682048,600.1144493677726,372.0827839619583,311.37912028531287,391.6709175402572,449.8951691343348,551.3757700205339,541.2574300226953,230.01415757051768,595.6460607370583,329.38852264130554,406.67794228898737,681.4162974170539,269.37274397492706,301.8256781584351,678.9323462660759,552.33416189344,602.1390900248568,380.88068734464497,488.65351777801794,566.3690694909759,472.2300875391765,434.96660542526746,289.03047660218306,454.8094671998271,491.286393602075,663.2923376202313,670.9387225764617,250.1430887279801,569.5377715335567,575.8297849346158,579.080190208581
D,22_BBz,0.5,393.92641450453266,225.1255392310097,610.4060643951235,348.98305720537667,294.0412628946546,330.98662081900596,412.6702719599875,430.6930915911222,525.2974679587371,240.34660831509848,603.4371991247265,296.2942169427946,384.2837761800563,677.8567052203814,246.04451391059706,312.7968115035949,686.0515786183182,546.039387308534,620.2085026570803,359.16742732103785,483.7942482025633,567.208440137543,448.14329477961866,437.048015004689,272.5493591747421,389.7344795248515,482.0328852766489,697.7492966552047,638.4673960612691,231.97342919662395,560.1745545482963,584.4083776180056,583.4328852766489
D,22_BBz,1,334.09420805138205,165.07452689528617,617.0282601215736,341.19922009404746,353.64950108957447,322.832022020874,378.5623810069962,388.6496387200367,519.0184654203464,272.0070191535727,510.04830829223533,299.643491226058,380.38100699621515,633.0822342011699,251.33893795159995,323.8361509347402,661.4911572428031,559.7972932675766,616.5990365867646,322.0638834728753,503.4115380204152,549.8040142218144,394.397568528501,441.3775203578392,251.5227663722904,308.610345223076,492.2468861107925,671.592086248423,508.66831058607636,201.6984975341209,588.0047711893566,528.7544901938296,571.3880490881982
D,22_BBz,2,282.13798829128007,126.42702591666952,593.0179311171214,321.5596134752987,401.2633092539971,290.8865846143312,357.2326423362662,330.555205587319,509.39201102399943,298.310880208155,416.1526584271971,306.2403454414735,365.3073710157828,553.5682323941251,257.2367848950666,308.3648789756582,606.8607620938752,558.63423088774,579.456306275463,306.51355746516487,501.6843695436338,499.91851826491836,361.1093584169263,417.9150090725461,264.8279982197268,322.91452120921633,449.51745181279745,646.3159471395803,410.4574018282036,221.9369885994043,536.5180338251909,461.7819079735698,577.0700212263343
D,33_28z,0.2,393.2819524466445,222.3094214071249,610.6534528929644,397.5660959182017,295.4636046417269,383.5878438691877,507.9238821715491,551.7878763288161,533.2388217154913,252.4440882901891,609.5681246449728,324.71849387324517,385.9761827477075,649.8337661283779,285.46827071330034,294.46563336849795,662.2522113121805,562.3523898401363,587.2788282074171,381.7990749005924,471.4051773107198,594.0223971435527,466.43317374016067,472.6114988233385,283.7754199464416,406.2566745110768,450.13292217804104,646.530998945062,650.0357461657064,248.57388622900268,602.3599367037248,541.6177878763289,496.9339040817983
D,33_28z,0.5,391.0167706126347,200.13204619378712,612.2648682522157,358.81919369759186,281.16830294530155,331.2076631553818,516.2113335919548,434.5899256960401,521.1041150666945,232.52191817612126,623.4869147444123,295.0428217600191,380.6549491211841,644.2152725970577,249.83298021545164,267.6083674017487,680.0593536450717,560.1402524544179,614.8510638297872,351.01712870400763,479.36021008027217,602.0344961355972,461.29936438781294,496.59308883650147,271.825340932828,363.62722688072574,444.53576437587657,666.1432067082451,623.7951717346543,254.35009399898541,534.1282862343708,526.5656351645729,478.3008862761481
D,33_28z,1,355.88910304949405,169.09447236180904,611.6266262820955,347.00512149790046,297.5081847594135,310.5779307496386,497.7821848970882,377.89533971225995,517.0032353548564,265.37070282921457,570.1883940249191,294.77353892751427,350.8449507813038,594.2742617195566,255.8985199972465,309.70896950505954,649.9760996764645,564.0492737660908,610.9440627796516,340.6502512562814,488.56336476905074,588.7763612583466,424.3864803469402,497.21306532663317,268.34855097404835,294.9240724168789,452.4615956494803,653.0774282370758,541.4977765540029,225.22081641082124,537.8058787086115,483.039732911131,462.1282714944586
D,33_28z,2,297.98738698661504,163.18116160096298,610.9612450771305,331.65114027397976,356.9753104188201,300.65327297230107,488.0386895026757,361.94287508668174,517.6004265396642,279.73045571707075,503.08681259731253,317.7978123487158,362.4242237893993,570.6836541103507,256.2791872195109,339.1905821088854,639.4663413102356,577.7202239987439,615.9360321343993,346.3840427063026,518.6473328186945,567.6931138703895,412.2891834251397,479.44272462023577,265.3360635360923,303.7668947650761,449.0621361001714,656.4925617239529,492.6180899920187,232.0417380837117,519.7079773384448,454.39657721545484,458.8104646142171
D,33_BBz,0.2,385.5144775072638,209.6859032161106,599.0237952109007,358.9492034866246,289.50245466386133,383.3211101092075,499.3084360284541,539.1681194269112,494.4966937180643,251.57253782186154,557.95546538423,341.1583007714658,379.78038272718163,610.9065724877266,284.2561867548342,267.6113615870153,665.0439334735999,561.635808035267,621.5150786494339,311.97815850115217,471.0652239254584,569.1359583208096,458.95090672277325,464.655996393147,278.3581805430318,359.6441739304679,472.1042981665164,672.0813044785092,612.1768860835588,240.08671475804027,654.9556156697726,501.5390241458772,492.04142871455764
D,33_BBz,0.5,383.22745695478454,189.67897898761103,600.1451895714163,344.6452326884935,295.59791888240534,359.62005231538706,478.0826698094225,484.98128718847914,475.17882089166113,237.2365402857225,554.4988645836328,328.904510046279,379.76515565264884,595.5556928914312,267.18373623846617,253.40811750840783,668.3278047658742,562.548018051683,643.8914311995171,298.57613038604154,475.1848860271925,556.465635689442,464.5699502716376,486.901233148409,270.2500790479749,307.1830176205122,475.2613469774929,692.974532179712,583.7153698007991,227.98347178705913,644.4528730345799,481.43645980051167,522.2963005547731
D,33_BBz,1,345.7345067135287,176.64716219555726,594.8622696943903,338.4458661687581,305.98316812652735,355.63186798099895,465.47991433043194,468.2521486037508,461.38587001290534,246.82355363958374,519.6701447046871,322.6328015596255,380.3478129547764,575.0997281638705,263.8118564485571,268.66638293198605,651.9591971223812,566.5567423597573,641.8278096597929,290.5800818254208,478.8095774183805,537.2916609462094,442.45874406216535,498.23877646283535,263.71086520772127,274.2457508443395,474.4209341277904,691.7917021335018,554.8308575194267,217.54880694143168,634.7936242071446,446.0029929432439,529.4368598808314
D,33_BBz,2,300.11914308626416,174.37767785542445,595.3339443235193,338.81687478519876,326.87793561690916,332.7748023828617,466.0823691144461,419.30541871921184,460.91891969297745,249.3898212853706,495.4179745675335,335.97662962538664,390.60619773169896,567.3784224997136,259.58503264978805,292.6232959101844,638.0247451025318,582.8264119601329,640.3168747851987,311.72677282621146,503.4016783136671,532.8618971245274,447.7542960247451,505.81953832054074,265.3880169549777,293.21775117424676,465.0485737197846,688.836865620346,543.1600412418376,228.09133348608088,604.9989689540612,439.3572574178027,526.2774372780387
D,Mock,0.2,272.06910062333037,114.28281389136242,619.8309884238646,297.3700801424755,448.3764915405165,345.6024933214604,460.05788067675866,491.82511130899377,493.75494211932323,298.2154942119323,373.3195013357079,355.2119323241318,378.7027604630454,616.4650044523597,251.49243098842388,328.8174532502226,628.3786286731968,590.1061442564559,580.6350845948352,313.2495102404274,537.260552092609,500.1032947462155,377.48851291184326,404.4674977738201,257.43561887800536,354.83686553873554,472.00694568121105,602.9077471059661,463.3613535173642,253.0986642920748,440.6010685663402,460.88904719501335,482.50169189670527
D,Mock,0.5,273.9131313131313,114.84632034632034,616.1867243867243,284.9062049062049,457.08600288600286,340.9750360750361,430.63665223665225,497.65829725829724,491.7868686868687,303.11529581529584,377.1997113997114,350.4969696969697,369.7227994227994,614.5268398268398,248.52669552669553,320.3982683982684,627.8499278499279,584.0157287157288,579.9122655122655,307.9294372294372,528.4564213564214,467.2959595959596,373.8886002886003,404.2002886002886,254.73189033189033,329.81717171717173,481.93751803751803,601.3709956709956,424.43997113997114,238.1051948051948,457.63982683982687,486.7989898989899,510.53304473304473
D,Mock,1,263.99228791773777,117.16183416033957,604.249476893645,277.95205356609074,452.4124469420697,350.9930053207389,416.0271417468763,529.1599210856699,483.27799366294016,308.28289591678123,368.3756800382615,344.26137382674716,362.5794822741675,599.5319543253422,250.853470437018,314.10492018891614,615.4817958988461,574.6219286184014,561.2043402881569,296.33688049261673,515.5534166317929,447.2421235128834,341.6973755006875,396.4901058169427,252.44455072637055,314.4092186285646,480.5706940874036,590.0613977401805,413.27739582710586,228.18150295928737,466.81449154062295,477.10856698750524,512.9973097387457
D,Mock,2,261.0703791225727,120.3215521079489,597.926641323333,269.87129696222473,454.3663481626083,351.52960717832804,402.200554813521,527.6021096612898,486.144593992945,302.0369533203192,379.82591869584576,354.10592828521527,367.68608513990205,590.4046028973595,253.829377718415,302.5246755025857,612.7049214014179,578.9241754854619,560.8971882598719,299.9853419637659,519.2277475256002,450.93462104866603,350.06671461351414,407.97051268879073,251.6424192609336,303.040172608651,480.4318641049351,594.7879379430802,420.6476249186616,222.64642624747424,461.3292920990445,474.9368814000479,520.2053494982705
D,None,0.2,251.3943833943834,193.85225885225884,264.4029304029304,435.8962148962149,338.43223443223445,585.1660561660561,419.15262515262515,745.1391941391942,467.27106227106225,335.02197802197804,141.98778998779,282.4114774114774,323.17704517704516,225.53968253968253,297.7997557997558,324.44810744810746,237.9267399267399,573.4713064713064,189.65689865689865,263.95238095238096,247.25152625152626,336.45421245421244,208.03663003663004,332.53479853479854,283.44444444444446,416.5616605616606,316.3833943833944,233.85103785103786,630.1721611721612,215.0891330891331,657.1746031746031,386.2087912087912,256.46886446886447
D,None,0.5,242.18774966711052,195.17443408788282,253.48468708388816,344.6551264980027,290.9360852197071,533.1225033288948,326.4527296937417,708.9427430093209,484.53262316910786,372.13315579227697,193.67376830892144,275.3954727030626,303.37150466045273,250.43541944074568,283.81624500665777,305.27030625832225,253.75099866844207,526.0013315579228,215.4260985352863,251.76031957390146,269.80958721704394,314.83488681757655,240.017310252996,296.3222370173103,274.4300932090546,331.28229027962715,268.0053262316911,338.8069241011984,526.8189081225033,244.04127829560585,632.7696404793609,317.693741677763,251.00665778961385
D,None,1,235.02268569337724,195.7080131723381,253.46432491767288,317.1694109037688,278.3819978046103,530.5993413830955,302.0933040614709,706.781558726674,505.1642883278449,372.46652030735453,194.01939260885473,273.18477863154044,291.78082693011345,255.2857665568972,279.4021222100256,297.8148554701793,269.36845956824004,526.6439809732894,208.97877789974387,256.16831320892794,271.2283205268935,306.98865715331135,250.13721185510428,283.6845956824003,292.25795828759607,307.7383827296012,242.10940358580314,375.62385656787416,516.7186242224661,254.30808635199415,651.1470911086718,289.1119648737651,247.1083058909623
D,None,2,230.71900161030595,193.48604401502953,260.9259259259259,313.11674718196457,275.67632850241546,517.5880300590445,300.0874932903918,700.7026301663983,502.68894256575413,389.63794954374663,206.40848094471284,271.80085882984434,283.2914653784219,257.3778851315083,276.77777777777777,303.4487385936661,266.53811057434245,517.3102522812668,209.1328502415459,260.1629092860977,257.0993022007515,285.0005367686527,255.80381105743425,278.46725711218465,285.8615136876006,305.53811057434245,243.83735909822866,376.22141706924316,519.1688137412775,250.8684916800859,647.8301127214171,311.81159420289856,247.60735373054214
